{
  "overall_alignment": 79.60661651155968,
  "skill_scores": {
    "Python": 0.22370341420173645,
    "C++": 0.2086556851863861,
    "C": 0.2757260501384735,
    "Java": 0.24700060486793518,
    "HTML 5": 0.34170883893966675,
    "CSS 3": 0.2786404490470886,
    "Javascript": 0.37435129284858704,
    "Matlab": 0.13317611813545227,
    "Octave": 0.1894233673810959,
    "Go": 0.2469227910041809,
    "Golang": 0.21410703659057617,
    "Frameworks : Node.js": 0.6610761880874634,
    "React.js (NextJs)": 0.4236394464969635,
    "ExpressJs": 0.5566486120223999,
    "FastAPI": 0.26658886671066284,
    "RestAPI": 0.31346243619918823,
    "Pandas": 0.20719590783119202,
    "Tailwind": 0.26489245891571045,
    "Numpy": 0.17719995975494385,
    "PassportJs": 0.3822355270385742,
    "Databases and Tools : MySQL": 0.3808749318122864,
    "MongoDB": 0.5018607378005981,
    "Appwrite": 0.20519456267356873,
    "AWS(S3)": 0.2871859073638916,
    "Github": 0.29030895233154297,
    "Postman": 0.2422756403684616,
    "Vercel": 0.23644256591796875,
    "Postgress": 0.2664481997489929,
    "Cloudinary.": 0.3149201273918152,
    "Computer Science: Data Structures & Algorithms": 0.29232290387153625,
    "Graph Theory": 0.20166251063346863,
    "Object Oriented Programming": 0.32391658425331116,
    "DBMS": 0.31210923194885254
  },
  "requirement_scores": {
    "Full Stack Developer (1\u20132 Years Experience) \u2013 AI-Focused Healthcare Platform | Immediate Joiners Preferred": 0.2180393934249878,
    "Location: Remote | Employment Type: Full-Time": 0.17930400371551514,
    "About Preva": 0.19855013489723206,
    "Preva Care is on a mission to revolutionize preventive healthcare by making it proactive, personalized, and accessible. Our digital health ecosystem empowers individuals with regular preventive check-ups, wellness insights, and actionable health recommendations. For businesses, we offer comprehensive B2B corporate health programs designed to enhance employee well-being and productivity through customized health plans backed by data-driven insights.": 0.2766905128955841,
    "Why Join Us": 0.2469227910041809,
    "Opportunity to work on advanced AI-driven healthcare solutions": 0.20869259536266327,
    "Collaborative environment with a highly skilled in-house development team": 0.28170245885849,
    "Fast-paced learning with real-time mentorship and hands-on exposure": 0.19640500843524933,
    "Quarterly performance-based appraisals and recognition for outstanding contributions": 0.12124478816986084,
    "Work remotely with flexible structure while contributing to meaningful innovation in health-tech": 0.17306700348854065,
    "Role Overview": 0.2422756403684616,
    "We are seeking a skilled and motivated Full Stack Developer with 1 to 2 years of professional experience. The selected candidate will play a key role in developing and enhancing our platform, working on both the front-end and back-end, with opportunities to contribute to innovative AI features within our healthcare ecosystem.": 0.23763637244701385,
    "Responsibilities": 0.2757260501384735,
    "Develop, maintain, and scale applications using Node.js, Express.js, MongoDB, and React.js": 0.6610761880874634,
    "Build and refine user interfaces with a strong focus on responsiveness and user experience": 0.26343053579330444,
    "Collaborate with the development team to implement AI-integrated features": 0.32391658425331116,
    "Identify and troubleshoot issues, ensuring performance, security, and scalability": 0.3310167193412781,
    "Participate in code reviews, architecture discussions, and agile development cycles": 0.29030895233154297,
    "Preferred Candidate Profile": 0.22924862802028656,
    "1 to 2 years of experience in full-stack web development": 0.2855352759361267,
    "Proficient in Node.js, Express.js, MongoDB, and React.js": 0.6349282264709473,
    "Strong front-end development skills including HTML, CSS, and JavaScript": 0.37435129284858704,
    "Solid problem-solving abilities with a logical and analytical approach": 0.2665500342845917,
    "Clear communication skills and ability to collaborate in a remote team environment": 0.18192777037620544,
    "Bachelor\u2019s degree in Computer Science, Engineering, or a related field": 0.29232290387153625,
    "Quick learner with a proactive mindset and the ability to adapt to evolving requirements": 0.2543255388736725,
    "Additional Details": 0.3149201273918152,
    "Immediate joiners are preferred": 0.22533121705055237,
    "Competitive compensation structure": 0.26347586512565613,
    "Appraisals conducted every quarter for exceptional performance": 0.14888563752174377,
    "A chance to work on impactful technology in the healthcare space": 0.1942243129014969,
    "How to Apply": 0.20519456267356873,
    "Interested candidates should apply directly through LinkedIn with their latest CV.": 0.15273386240005493
  },
  "missing_skills": [
    "Full Stack Developer (1\u20132 Years Experience) \u2013 AI-Focused Healthcare Platform | Immediate Joiners Preferred",
    "Location: Remote | Employment Type: Full-Time",
    "About Preva",
    "Preva Care is on a mission to revolutionize preventive healthcare by making it proactive, personalized, and accessible. Our digital health ecosystem empowers individuals with regular preventive check-ups, wellness insights, and actionable health recommendations. For businesses, we offer comprehensive B2B corporate health programs designed to enhance employee well-being and productivity through customized health plans backed by data-driven insights.",
    "Why Join Us",
    "Opportunity to work on advanced AI-driven healthcare solutions",
    "Collaborative environment with a highly skilled in-house development team",
    "Fast-paced learning with real-time mentorship and hands-on exposure",
    "Quarterly performance-based appraisals and recognition for outstanding contributions",
    "Work remotely with flexible structure while contributing to meaningful innovation in health-tech",
    "Role Overview",
    "We are seeking a skilled and motivated Full Stack Developer with 1 to 2 years of professional experience. The selected candidate will play a key role in developing and enhancing our platform, working on both the front-end and back-end, with opportunities to contribute to innovative AI features within our healthcare ecosystem.",
    "Responsibilities",
    "Build and refine user interfaces with a strong focus on responsiveness and user experience",
    "Collaborate with the development team to implement AI-integrated features",
    "Identify and troubleshoot issues, ensuring performance, security, and scalability",
    "Participate in code reviews, architecture discussions, and agile development cycles",
    "Preferred Candidate Profile",
    "1 to 2 years of experience in full-stack web development",
    "Strong front-end development skills including HTML, CSS, and JavaScript",
    "Solid problem-solving abilities with a logical and analytical approach",
    "Clear communication skills and ability to collaborate in a remote team environment",
    "Bachelor\u2019s degree in Computer Science, Engineering, or a related field",
    "Quick learner with a proactive mindset and the ability to adapt to evolving requirements",
    "Additional Details",
    "Immediate joiners are preferred",
    "Competitive compensation structure",
    "Appraisals conducted every quarter for exceptional performance",
    "A chance to work on impactful technology in the healthcare space",
    "How to Apply",
    "Interested candidates should apply directly through LinkedIn with their latest CV."
  ],